E_Subclade_L2,Count,Frequency_in_E,Percentage_in_E
E1b,47,0.9038461538461539,90.38461538461539
E1a,4,0.07692307692307693,7.6923076923076925
E2b,1,0.019230769230769232,1.9230769230769231
