E_Subclade_L1,Count,Frequency_in_E,Percentage_in_E
E1,51,0.9807692307692307,98.07692307692307
E2,1,0.019230769230769232,1.9230769230769231
